{"mnb_accuracy": 0.8992801432041938, "xgb_accuracy": 0.7823769338959212, "mean_sent_score_text_cred": 0.017393023385615863, "mean_sent_score_text_noncred": -0.009609163593738108, "mean_sent_score_title_cred": -0.11039321862348185, "mean_sent_score_title_noncred": -0.16061852226720658, "mean_pct_punc_text_cred": 0.006225539382873344, "mean_pct_punc_text_noncred": 0.05223292728989698, "mean_pct_punc_title_cred": 0.0007184885381261322, "mean_pct_punc_title_noncred": 0.005494854437295466, "mean_pct_allcaps_title_cred": 0.025783721743912726, "mean_pct_allcaps_title_noncred": 0.12496846233750115}