{"mnb_accuracy": 0.9043478260869564, "ada_accuracy": 0.7888888888888889, "mean_sent_score_text_cred": 0.0163334286308098, "mean_sent_score_text_noncred": -2.4982482985246326e-05, "mean_sent_score_title_cred": -0.10922492753623192, "mean_sent_score_title_noncred": -0.15765961352656999, "mean_pct_punc_text_cred": 0.006152682661360916, "mean_pct_punc_text_noncred": 0.05100554793075456, "mean_pct_punc_title_cred": 0.0007031148005079822, "mean_pct_punc_title_noncred": 0.005218955782657156, "mean_pct_allcaps_title_cred": 0.025873192572389375, "mean_pct_allcaps_title_noncred": 0.12157266689398913}