{"mnb_accuracy": 0.8976771921853703, "ada_accuracy": 0.7808277081845914, "mean_sent_score_text_cred": 0.016310745768316988, "mean_sent_score_text_noncred": -0.0069581532851680315, "mean_sent_score_title_cred": -0.10420080580177282, "mean_sent_score_title_noncred": -0.19118968573730885, "mean_pct_punc_text_cred": 0.006119174101277456, "mean_pct_punc_text_noncred": 0.053384181196786146, "mean_pct_punc_title_cred": 0.0006585726560954379, "mean_pct_punc_title_noncred": 0.004915288528095362, "mean_pct_allcaps_title_cred": 0.025930505950052238, "mean_pct_allcaps_title_noncred": 0.11784100863000783}